selling_price,rank,currency,styleId,fdbId,category,run_date,paginatedUrl,source,articleType,defaultImage,description,brand,activatedAt,imageUrlList,data,sizes,url,gender,colour,mrp,attributes,styleName
64.95,1,EUR,5535702,,SHOES,2018-02-26,https://www.mirapodo.de/herren/schuhe/?page=1,mirapodo,Sneakers Low,mirapodo.scene7.com/is/image/mirapodo/ext/5535702-01.jpg,"Die adidas NEO Cf Lite Racer Sneakers zeigen sich im markentypischen Design mit seitlichen Streifenapplikationen. Die weiche Sohle sorgt dafür, dass jeder Schritt angenehm abgefedert wird.

- Verschluss: Schnürverschluss
- gepolsterte Einstiegskante
- mit Zugschlaufe

Obermaterial: Materialmix aus Synthetik und Textil
Futter: Textil
Decksohle: Textil
Laufsohle: Sonstiges Material (Gummi)",adidas Sport Inspired,,"mirapodo.scene7.com/is/image/mirapodo/ext/5535702-01.jpg?$rtf_mp_prod-main-thumb_xl$,mirapodo.scene7.com/is/image/mirapodo/ext/5535702-02.jpg?$rtf_mp_prod-main-thumb_xl$,mirapodo.scene7.com/is/image/mirapodo/ext/5535702-03.jpg?$rtf_mp_prod-main-thumb_xl$,mirapodo.scene7.com/is/image/mirapodo/ext/5535702-04.jpg?$rtf_mp_prod-main-thumb_xl$,mirapodo.scene7.com/is/image/mirapodo/ext/5535702-05.jpg?$rtf_mp_prod-main-thumb_xl$,mirapodo.scene7.com/is/image/mirapodo/ext/5535702-06.jpg?$rtf_mp_prod-main-thumb_xl$",,"Größe wählen,38 (5 UK),38 2/3 (5½ UK) - Ausverkauft  (Nachricht),39 1/3 (6 UK),40 (6½ UK),40 2/3 (7 UK),41 1/3 (7½ UK),42 (8 UK),42 2/3 (8½ UK),43 1/3 (9 UK),44 (9½ UK),44 2/3 (10 UK),45 1/3 (10½ UK),46 (11 UK),46 2/3 (11½ UK),47 1/3 (12 UK),48 (12½ UK) - Ausverkauft  (Nachricht)",https://www.mirapodo.de/adidas-sport-inspired-cf-lite-racer-sneakers-schwarz-5535702.html,MEN,"
                  schwarz                  ",,,"
      Cf Lite Racer Sneakers
    "
35.99,2,EUR,1978488,,SHOES,2018-02-26,https://www.mirapodo.de/herren/schuhe/?page=1,mirapodo,Clogs,mirapodo.scene7.com/is/image/mirapodo/ext/1978488-01.jpg,"Der Crocband von Crocs kann durch viele Besonderheiten punkten! Doch zum Lieblingsschuh wird er durch seinen hohen Tragekomfort: das geruchsneutrale Croslite-Material überzeugt durch Leichtigkeit und eine maximale Polsterung. 

- Verschluss: Schlupf
- wasserfeste Laufsohle
- antibakterielle, profilierte Sohle
- umklappbarer Riemen bietet zusätzlichen Halt

Obermaterial: Sonstiges Material (Synthetik)
Futter: Sonstiges Material (Synthetik)
Decksohle: Sonstiges Material (Synthetik)
Laufsohle: Sonstiges Material (Synthetik)",crocs,,"mirapodo.scene7.com/is/image/mirapodo/ext/1978488-01.jpg?$rtf_mp_prod-main-thumb_xl$,mirapodo.scene7.com/is/image/mirapodo/ext/1978488-02.jpg?$rtf_mp_prod-main-thumb_xl$,mirapodo.scene7.com/is/image/mirapodo/ext/1978488-03.jpg?$rtf_mp_prod-main-thumb_xl$,mirapodo.scene7.com/is/image/mirapodo/ext/1978488-04.jpg?$rtf_mp_prod-main-thumb_xl$,mirapodo.scene7.com/is/image/mirapodo/ext/1978488-05.jpg?$rtf_mp_prod-main-thumb_xl$,mirapodo.scene7.com/is/image/mirapodo/ext/1978488-06.jpg?$rtf_mp_prod-main-thumb_xl$,mirapodo.scene7.com/is/image/mirapodo/ext/1978488-07.jpg?$rtf_mp_prod-main-thumb_xl$,mirapodo.scene7.com/is/image/mirapodo/ext/1978488-08.jpg?$rtf_mp_prod-main-thumb_xl$",,"Größe wählen,36/37 (EU) - Ausverkauft  (Nachricht),37/38 (EU),38/39 (EU),39/40 (EU),41/42 (EU),42/43 (EU),43/44 (EU) - Ausverkauft  (Nachricht),45/46 (EU) - Ausverkauft  (Nachricht),46/47 (EU) - Ausverkauft  (Nachricht),48/49 (EU)",https://www.mirapodo.de/crocs-crocband-clogs-dunkelblau-1978488.html,MEN,"
                  dunkelblau                  ",,,"
      Crocband Clogs
    "
71.99,3,EUR,3607860,,SHOES,2018-02-26,https://www.mirapodo.de/herren/schuhe/?page=1,mirapodo,Wanderschuhe,mirapodo.scene7.com/is/image/mirapodo/ext/3607860-01.jpg,"Die JACK WOLFSKIN Freizeitschuhe Vojo Hike Texapore Men besitzen einen interessanten Materialmix aus Leder und Textil, der dazu noch wasserfest und atmungsaktiv beschaffen ist. Die Innenverarbeitung ist leicht gepolstert und besitzt eine herausnehmbare Decksohle.

- Verschluss: Schnürung
- großzügig verstärkte Schuhspitze für optimal geschützte Zehen
- praktische Zuglaschen helfen beim Einstieg
- Schuhzunge und Schaftrand angenehm gepolstert
- griffige Laufsohle

Obermaterial: Leder, Textil
Futter: Textil
Decksohle: Textil
Laufsohle: Sonstiges Material (Gummi)",Jack Wolfskin,,"mirapodo.scene7.com/is/image/mirapodo/ext/3607860-01.jpg?$rtf_mp_prod-main-thumb_xl$,mirapodo.scene7.com/is/image/mirapodo/ext/3607860-02.jpg?$rtf_mp_prod-main-thumb_xl$,mirapodo.scene7.com/is/image/mirapodo/ext/3607860-03.jpg?$rtf_mp_prod-main-thumb_xl$,mirapodo.scene7.com/is/image/mirapodo/ext/3607860-04.jpg?$rtf_mp_prod-main-thumb_xl$,mirapodo.scene7.com/is/image/mirapodo/ext/3607860-05.jpg?$rtf_mp_prod-main-thumb_xl$,mirapodo.scene7.com/is/image/mirapodo/ext/3607860-06.jpg?$rtf_mp_prod-main-thumb_xl$",,"Größe wählen,40,5 (7 UK),41 (7½ UK) - Ausverkauft  (Nachricht),42 (8 UK),42,5 (8½ UK) - Ausverkauft  (Nachricht),43 (9 UK),44 (9½ UK) - Ausverkauft  (Nachricht),44,5 (10 UK),45 (10½ UK) - Ausverkauft  (Nachricht),45,5 (11 UK),46 (11½ UK) - Ausverkauft  (Nachricht),47 (12 UK) - Ausverkauft  (Nachricht),47,5 (12½ UK) - Ausverkauft  (Nachricht),48 (13 UK) - Ausverkauft  (Nachricht),49 (14 UK) - Ausverkauft  (Nachricht),50 (15 UK) - Ausverkauft  (Nachricht)",https://www.mirapodo.de/jack-wolfskin-vojo-hike-texapore-sportschuhe-grau-kombi-3607860.html,MEN,"
                  grau-kombi                  ",,,"
      Vojo Hike Texapore Sportschuhe
    "
59.95,4,EUR,3908276,,SHOES,2018-02-26,https://www.mirapodo.de/herren/schuhe/?page=1,mirapodo,Klassische Pantoletten,mirapodo.scene7.com/is/image/mirapodo/ext/3908276-01.jpg,"Klassisch und bequem wie je zuvor - die Arizona Pantoletten von Birkenstock. Das anatomisch geformte Fußbett aus Naturkork gewährleistet nicht nur höchsten Tragekomfort, sondern auch Gesundheit für Ihre Füße. 

- Decksohle aus weichem Veloursleder
- zwei breite Riemen lassen sich individuell Ihrer Fußhöhe anpassen und halten die Pantoletten sicher am Fuß
- EVA-Sohle für sicheren Auftritt
- Fußweite: weit

Obermaterial: Sonstiges Material (Materialmix)
Futter: Leder
Decksohle: Leder
Laufsohle: Sonstiges Material (EVA-Sohle)",BIRKENSTOCK,,"mirapodo.scene7.com/is/image/mirapodo/ext/3908276-01.jpg?$rtf_mp_prod-main-thumb_xl$,mirapodo.scene7.com/is/image/mirapodo/ext/3908276-02.jpg?$rtf_mp_prod-main-thumb_xl$,mirapodo.scene7.com/is/image/mirapodo/ext/3908276-03.jpg?$rtf_mp_prod-main-thumb_xl$,mirapodo.scene7.com/is/image/mirapodo/ext/3908276-04.jpg?$rtf_mp_prod-main-thumb_xl$,mirapodo.scene7.com/is/image/mirapodo/ext/3908276-05.jpg?$rtf_mp_prod-main-thumb_xl$,mirapodo.scene7.com/is/image/mirapodo/ext/3908276-06.jpg?$rtf_mp_prod-main-thumb_xl$",,"Größe wählen,40 (EU),41 (EU),42 (EU),43 (EU),44 (EU),45 (EU),46 (EU),47 (EU),48 (EU),49 (EU) - Ausverkauft  (Nachricht),50 (EU)",https://www.mirapodo.de/birkenstock-arizona-bf-pantoletten-schwarz-3908276.html,MEN,"
                  schwarz                  ",,,"
      Arizona BF Pantoletten
    "
35.99,5,EUR,1978476,,SHOES,2018-02-26,https://www.mirapodo.de/herren/schuhe/?page=1,mirapodo,Clogs,mirapodo.scene7.com/is/image/mirapodo/ext/1978476-01.jpg,"Der Crocband von Crocs kann durch viele Besonderheiten punkten! Doch zum Lieblingsschuh wird er durch seinen hohen Tragekomfort: das geruchsneutrale Croslite-Material überzeugt durch Leichtigkeit und eine maximale Polsterung. 

- Verschluss: Schlupf
- wasserfeste Laufsohle
- antibakterielle, profilierte Sohle
- umklappbarer Riemen bietet zusätzlichen Halt

Obermaterial: Sonstiges Material (Synthetik)
Futter: Sonstiges Material (Synthetik)
Decksohle: Sonstiges Material (Synthetik)
Laufsohle: Sonstiges Material (Synthetik)",crocs,,"mirapodo.scene7.com/is/image/mirapodo/ext/1978476-01.jpg?$rtf_mp_prod-main-thumb_xl$,mirapodo.scene7.com/is/image/mirapodo/ext/1978476-02.jpg?$rtf_mp_prod-main-thumb_xl$,mirapodo.scene7.com/is/image/mirapodo/ext/1978476-03.jpg?$rtf_mp_prod-main-thumb_xl$,mirapodo.scene7.com/is/image/mirapodo/ext/1978476-04.jpg?$rtf_mp_prod-main-thumb_xl$,mirapodo.scene7.com/is/image/mirapodo/ext/1978476-05.jpg?$rtf_mp_prod-main-thumb_xl$,mirapodo.scene7.com/is/image/mirapodo/ext/1978476-06.jpg?$rtf_mp_prod-main-thumb_xl$,mirapodo.scene7.com/is/image/mirapodo/ext/1978476-07.jpg?$rtf_mp_prod-main-thumb_xl$,mirapodo.scene7.com/is/image/mirapodo/ext/1978476-08.jpg?$rtf_mp_prod-main-thumb_xl$",,"Größe wählen,36/37 (EU),37/38 (EU),38/39 (EU),39/40 (EU),41/42 (EU),42/43 (EU),43/44 (EU) - Ausverkauft  (Nachricht),45/46 (EU) - Ausverkauft  (Nachricht),46/47 (EU) - Ausverkauft  (Nachricht),48/49 (EU)",https://www.mirapodo.de/crocs-crocband-clogs-schwarz-weiss-1978476.html,MEN,"
                  schwarz/weiß                  ",,,"
      Crocband Clogs
    "
69.95,6,EUR,5544054,,SHOES,2018-02-26,https://www.mirapodo.de/herren/schuhe/?page=1,mirapodo,Sneakers Low,mirapodo.scene7.com/is/image/mirapodo/ext/5544054-01.jpg,"Komfortable adidas Performance Samba Sneakers mit herausnehmbaren Innensohlen. Die Zehen- und Fersenpartien sind optimal verstärkt und bieten viel Halt.

- gepolsterter Schaftrand
- Verschluss: Schnürung
- rutschhemmende Laufsohle

Obermaterial: Leder
Futter: Textil, sonstiges Material (Synthetik)
Decksohle: Textil
Laufsohle: sonstiges Material (Gummi)",adidas Performance,,"mirapodo.scene7.com/is/image/mirapodo/ext/5544054-01.jpg?$rtf_mp_prod-main-thumb_xl$,mirapodo.scene7.com/is/image/mirapodo/ext/5544054-02.jpg?$rtf_mp_prod-main-thumb_xl$,mirapodo.scene7.com/is/image/mirapodo/ext/5544054-03.jpg?$rtf_mp_prod-main-thumb_xl$,mirapodo.scene7.com/is/image/mirapodo/ext/5544054-04.jpg?$rtf_mp_prod-main-thumb_xl$,mirapodo.scene7.com/is/image/mirapodo/ext/5544054-05.jpg?$rtf_mp_prod-main-thumb_xl$,mirapodo.scene7.com/is/image/mirapodo/ext/5544054-06.jpg?$rtf_mp_prod-main-thumb_xl$",,"Größe wählen,37 1/3 (4½ UK),38 (5 UK),38 2/3 (5½ UK),39 1/3 (6 UK),40 (6½ UK),40 2/3 (7 UK),41 1/3 (7½ UK),42 (8 UK),42 2/3 (8½ UK),43 1/3 (9 UK),44 (9½ UK),44 2/3 (10 UK),45 1/3 (10½ UK),46 (11 UK),46 2/3 (11½ UK),47 1/3 (12 UK),48 (12½ UK),48 2/3 (13 UK)",https://www.mirapodo.de/adidas-performance-samba-sneakers-schwarz-kombi-5544054.html,MEN,"
                  schwarz-kombi                  ",,,"
      adidas Performance Samba Sneakers
    "
109.95,73,EUR,7405928,,SHOES,2018-02-26,https://www.mirapodo.de/herren/schuhe/?page=2,mirapodo,Sneakers Low,mirapodo.scene7.com/is/image/mirapodo/ext/7405928-01.jpg,"Die Clarks Tri Active Run Sneakers Low bestehen aus echtem Leder und sind angenehm leicht. Die flexible, vorne hochgezogene Profil-Laufsohle ist rutschhemmend.

- leicht gepolsterte Einstiegskante 
- zwei praktische Anziehlaschen
- verstärkter Zehen- und Fersenbereich
- herausnehmbare, vorgeformte und gepolsterte Decksohle
- Schuh-Weite: G

Obermaterial: Leder 
Futter: Textil
Decksohle: Textil, Leder (Materialmix aus Textil und Leder)
Laufsohle: Sonstiges Material (Gummi)",Clarks,,"mirapodo.scene7.com/is/image/mirapodo/ext/7405928-01.jpg?$rtf_mp_prod-main-thumb_xl$,mirapodo.scene7.com/is/image/mirapodo/ext/7405928-02.jpg?$rtf_mp_prod-main-thumb_xl$,mirapodo.scene7.com/is/image/mirapodo/ext/7405928-03.jpg?$rtf_mp_prod-main-thumb_xl$,mirapodo.scene7.com/is/image/mirapodo/ext/7405928-04.jpg?$rtf_mp_prod-main-thumb_xl$,mirapodo.scene7.com/is/image/mirapodo/ext/7405928-05.jpg?$rtf_mp_prod-main-thumb_xl$,mirapodo.scene7.com/is/image/mirapodo/ext/7405928-06.jpg?$rtf_mp_prod-main-thumb_xl$",,"Größe wählen,41 (EU),42 (EU),43 (EU),44 (EU),45 (EU),46 (EU),47 (EU)",https://www.mirapodo.de/clarks-tri-active-run-sneakers-low-dunkelblau-7405928.html,MEN,"
                  dunkelblau                  ",,,"
      Tri Active Run Sneakers Low
    "
119.95,74,EUR,7648060,,SHOES,2018-02-26,https://www.mirapodo.de/herren/schuhe/?page=2,mirapodo,Laufschuhe,mirapodo.scene7.com/is/image/mirapodo/ext/7648060-01.jpg,"Diese funktionalen SEVEN WONDERS LOW M Wanderschuhe von JACK WOLFSKIN sind aus einem atmungsaktiven Obermaterial-Mix gefertigt und, dank der gepolsterten Einstiegskante, ein guter Begleiter bei allen Outdoor-Aktivitäten. Die flexible Profil-Laufsohle sorgt für Trittsicherheit.

- Verschluss: Schnürverschluss 
- Perforationen auf der Vorderkappe für Atmungsaktivität
- verstärkter Zehen- und Fersenbereich
- herausnehmbare, gepolsterte Decksohle für gute Trittdämpfung
- Laufsohle vorne und hinten hochgezogen für gutes Abrollverhalten

Obermaterial: Sonstiges Material, Leder (Materialmix aus Synthetik und Leder)
Futter: Textil (Synthetik)
Decksohle: Textil (Synthetik)
Laufsohle: Sonstiges Material",Jack Wolfskin,,"mirapodo.scene7.com/is/image/mirapodo/ext/7648060-01.jpg?$rtf_mp_prod-main-thumb_xl$,mirapodo.scene7.com/is/image/mirapodo/ext/7648060-02.jpg?$rtf_mp_prod-main-thumb_xl$,mirapodo.scene7.com/is/image/mirapodo/ext/7648060-03.jpg?$rtf_mp_prod-main-thumb_xl$,mirapodo.scene7.com/is/image/mirapodo/ext/7648060-04.jpg?$rtf_mp_prod-main-thumb_xl$,mirapodo.scene7.com/is/image/mirapodo/ext/7648060-05.jpg?$rtf_mp_prod-main-thumb_xl$,mirapodo.scene7.com/is/image/mirapodo/ext/7648060-06.jpg?$rtf_mp_prod-main-thumb_xl$",,"Größe wählen,40,5 (EU),42 (EU),43 (EU),44,5 (EU),45,5 (EU),47 (EU)",https://www.mirapodo.de/jack-wolfskin-seven-wonders-low-m-laufschuhe-schwarz-7648060.html,MEN,"
                  schwarz                  ",,,"
      SEVEN WONDERS LOW M Laufschuhe
    "
99.95,75,EUR,7648063,,SHOES,2018-02-26,https://www.mirapodo.de/herren/schuhe/?page=2,mirapodo,Wanderschuhe,mirapodo.scene7.com/is/image/mirapodo/ext/7648063-01.jpg,"Diese funktionalen ROCKSAND CHILL LOW M Wanderschuhe von JACK WOLFSKIN sind aus einem atmungsaktiven Obermaterial-Mix gefertigt und, dank der gepolsterten Einstiegskante, ein guter Begleiter bei allen Outdoor-Aktivitäten. Die flexible Profil-Laufsohle sorgt für Trittsicherheit.

- Verschluss: Schnürverschluss 
- eine praktische Anziehlasche
- verstärkter Zehen- und Fersenbereich
- seitliche Verstärkungen aus echtem Leder
- herausnehmbare, gepolsterte COMFORT-FIT-Decksohle für gute Trittdämpfung
- Laufsohle mit MULTIFUNCTIONAL-GRIP-SYSTEM

Obermaterial: Sonstiges Material, Leder (Materialmix aus Synthetik und Leder)
Futter: Textil (Synthetik)
Decksohle: Textil (Synthetik)
Laufsohle: Sonstiges Material",Jack Wolfskin,,"mirapodo.scene7.com/is/image/mirapodo/ext/7648063-01.jpg?$rtf_mp_prod-main-thumb_xl$,mirapodo.scene7.com/is/image/mirapodo/ext/7648063-02.jpg?$rtf_mp_prod-main-thumb_xl$,mirapodo.scene7.com/is/image/mirapodo/ext/7648063-03.jpg?$rtf_mp_prod-main-thumb_xl$,mirapodo.scene7.com/is/image/mirapodo/ext/7648063-04.jpg?$rtf_mp_prod-main-thumb_xl$,mirapodo.scene7.com/is/image/mirapodo/ext/7648063-05.jpg?$rtf_mp_prod-main-thumb_xl$,mirapodo.scene7.com/is/image/mirapodo/ext/7648063-06.jpg?$rtf_mp_prod-main-thumb_xl$",,"Größe wählen,40,5 (EU),41 (EU),42 (EU),42,5 (EU),43 (EU),44 (EU),44,5 (EU),45 (EU),45,5 (EU),46 (EU),47 (EU)",https://www.mirapodo.de/jack-wolfskin-rocksand-chill-low-m-wanderschuhe-grau-kombi-7648063.html,MEN,"
                  grau-kombi                  ",,,"
      ROCKSAND CHILL LOW M Wanderschuhe
    "
89.95,76,EUR,7203129,,SHOES,2018-02-26,https://www.mirapodo.de/herren/schuhe/?page=2,mirapodo,Klassische Pantoletten,mirapodo.scene7.com/is/image/mirapodo/ext/7203129-01.jpg,"Die Pikolinos Tarifa Pantoletten bestehen aus echtem Rindsleder. Die vorgeformte Echtleder-Decksohle ist gepolstert und strukturiert und sorgt für einen hohen Komfort.

- Verschluss: Schlupf
- flexible Profil-Laufsohle mit rutschhemmender Wirkung
- Schuh-Weite: G

Obermaterial: Leder (Rindsleder)
Futter: Leder 
Decksohle: Leder
Laufsohle: Sonstiges Material (TR-Sohle)",Pikolinos,,"mirapodo.scene7.com/is/image/mirapodo/ext/7203129-01.jpg?$rtf_mp_prod-main-thumb_xl$,mirapodo.scene7.com/is/image/mirapodo/ext/7203129-02.jpg?$rtf_mp_prod-main-thumb_xl$,mirapodo.scene7.com/is/image/mirapodo/ext/7203129-03.jpg?$rtf_mp_prod-main-thumb_xl$,mirapodo.scene7.com/is/image/mirapodo/ext/7203129-04.jpg?$rtf_mp_prod-main-thumb_xl$,mirapodo.scene7.com/is/image/mirapodo/ext/7203129-05.jpg?$rtf_mp_prod-main-thumb_xl$,mirapodo.scene7.com/is/image/mirapodo/ext/7203129-06.jpg?$rtf_mp_prod-main-thumb_xl$",,"Größe wählen,41 (EU),42 (EU),43 (EU),44 (EU),45 (EU),46 (EU)",https://www.mirapodo.de/pikolinos-tarifa-pantoletten-cognac-7203129.html,MEN,"
                  cognac                  ",,,"
      Tarifa Pantoletten
    "
94.95,77,EUR,7648064,,SHOES,2018-02-26,https://www.mirapodo.de/herren/schuhe/?page=2,mirapodo,Laufschuhe,mirapodo.scene7.com/is/image/mirapodo/ext/7648064-01.jpg,"Diese federleichten SEVEN WONDERS PACKER LOW M Wanderschuhe von JACK WOLFSKIN sind aus einem atmungsaktiven Mesh-Obermaterial gefertigt und, dank der elastischen Einstiegskante, besonders anpassungsfähig. Die flexible Profil-Laufsohle sorgt für Trittsicherheit.

- Verschluss: Schnürverschluss 
- weich gepolsterte Zunge
- verstärkter Zehenbereich
- herausnehmbare, gepolsterte Decksohle für dauerhaft gute Trittdämpfung
- Laufsohle mit rutschhemmenden Eigenschaften

Obermaterial: Textil
Futter: Textil (Synthetik)
Decksohle: Textil (Synthetik)
Laufsohle: Sonstiges Material",Jack Wolfskin,,"mirapodo.scene7.com/is/image/mirapodo/ext/7648064-01.jpg?$rtf_mp_prod-main-thumb_xl$,mirapodo.scene7.com/is/image/mirapodo/ext/7648064-02.jpg?$rtf_mp_prod-main-thumb_xl$,mirapodo.scene7.com/is/image/mirapodo/ext/7648064-03.jpg?$rtf_mp_prod-main-thumb_xl$,mirapodo.scene7.com/is/image/mirapodo/ext/7648064-04.jpg?$rtf_mp_prod-main-thumb_xl$,mirapodo.scene7.com/is/image/mirapodo/ext/7648064-05.jpg?$rtf_mp_prod-main-thumb_xl$,mirapodo.scene7.com/is/image/mirapodo/ext/7648064-06.jpg?$rtf_mp_prod-main-thumb_xl$",,"Größe wählen,40,5 (EU),41 (EU),42 (EU),42,5 (EU),43 (EU),44 (EU),44,5 (EU),45 (EU),45,5 (EU),46 (EU),47 (EU)",https://www.mirapodo.de/jack-wolfskin-seven-wonders-packer-low-m-laufschuhe-blau-7648064.html,MEN,"
                  blau                  ",,,"
      SEVEN WONDERS PACKER LOW M Laufschuhe
    "
59.95,78,EUR,7287888,,SHOES,2018-02-26,https://www.mirapodo.de/herren/schuhe/?page=2,mirapodo,Fitnessschuhe & Hallenschuhe,mirapodo.scene7.com/is/image/mirapodo/ext/7287888-01.jpg,"Die leichten CMP CHAMAELEONTIS FITNESS SHOE Fitnessschuhe kommen in atmungsaktivem Stricklook und mit klassischer Schnürung für sicheren Sitz am Fuß. Die weich gepolsterte Decksohle bietet dem Fuß hohen Laufkomfort und kann bei Bedarf herausgenommen werden. Weiterer Pluspunkt ist die flexible, rutschhemmende Profillaufsohle.
 
- gepolsterte Einstiegskante
- mit Einstiegslasche an der Schaftkante
- Verschluss: Schnürverschluss
- verstärkte Fersenpartie
- Laufsohle vorne schützend hochgezogen
 
Obermaterial: Textil
Futter: sonstiges Material (Textil/Synthetik)
Decksohle: sonstiges Material (Synthetik)
Laufsohle: sonstiges Material (EVA-Sohle)",CMP,,"mirapodo.scene7.com/is/image/mirapodo/ext/7287888-01.jpg?$rtf_mp_prod-main-thumb_xl$,mirapodo.scene7.com/is/image/mirapodo/ext/7287888-02.jpg?$rtf_mp_prod-main-thumb_xl$,mirapodo.scene7.com/is/image/mirapodo/ext/7287888-03.jpg?$rtf_mp_prod-main-thumb_xl$,mirapodo.scene7.com/is/image/mirapodo/ext/7287888-04.jpg?$rtf_mp_prod-main-thumb_xl$,mirapodo.scene7.com/is/image/mirapodo/ext/7287888-05.jpg?$rtf_mp_prod-main-thumb_xl$,mirapodo.scene7.com/is/image/mirapodo/ext/7287888-06.jpg?$rtf_mp_prod-main-thumb_xl$",,"Größe wählen,41 (EU),42 (EU),43 (EU),44 (EU),45 (EU),46 (EU),47 (EU)",https://www.mirapodo.de/cmp-chamaeleontis-fitness-shoe-fitnessschuhe-gruen-kombi-7287888.html,MEN,"
                  grün-kombi                  ",,,"
      CHAMAELEONTIS FITNESS SHOE Fitnessschuhe
    "
79.99,7,EUR,5564576,,SHOES,2018-02-26,https://www.mirapodo.de/herren/schuhe/?page=1,mirapodo,Business Schnürer,mirapodo.scene7.com/is/image/mirapodo/ext/5564576-01.jpg,"Die LLOYD Osmond Business Schuhe bestehen aus echtem Kalbsleder. Die gepolsterte Decksohle sorgt für ein angenehmes Tragegefühl.

- Verschluss: Schnürverschluss
- verstärkter Zehen- und Fersenbereich
- strukturierte, flexible Laufsohle mit rutschhemmender Wirkung
- Schuh-Weite: F

Obermaterial: Leder (Kalbsleder)
Futter: Leder, Textil (Leder/Textil)
Decksohle: Leder 
Laufsohle: Sonstiges Material (Gummi)",LLOYD,,"mirapodo.scene7.com/is/image/mirapodo/ext/5564576-01.jpg?$rtf_mp_prod-main-thumb_xl$,mirapodo.scene7.com/is/image/mirapodo/ext/5564576-02.jpg?$rtf_mp_prod-main-thumb_xl$,mirapodo.scene7.com/is/image/mirapodo/ext/5564576-03.jpg?$rtf_mp_prod-main-thumb_xl$,mirapodo.scene7.com/is/image/mirapodo/ext/5564576-04.jpg?$rtf_mp_prod-main-thumb_xl$,mirapodo.scene7.com/is/image/mirapodo/ext/5564576-05.jpg?$rtf_mp_prod-main-thumb_xl$,mirapodo.scene7.com/is/image/mirapodo/ext/5564576-06.jpg?$rtf_mp_prod-main-thumb_xl$",,"Größe wählen,41 (7½ UK) - Ausverkauft  (Nachricht),42 (8 UK) - Ausverkauft  (Nachricht),42,5 (8½ UK),43 (9 UK) - Ausverkauft  (Nachricht),44 (9½ UK) - Ausverkauft  (Nachricht),44,5 (10 UK),45 (10½ UK),46 (11 UK),46,5 (11½ UK),47 (12 UK)",https://www.mirapodo.de/lloyd-osmond-business-schuhe-cognac-5564576.html,MEN,"
                  cognac                  ",,,"
      LLOYD Osmond Business Schuhe
    "
49.95,145,EUR,7536545,,SHOES,2018-02-26,https://www.mirapodo.de/herren/schuhe/?page=3,mirapodo,Sneakers Low,mirapodo.scene7.com/is/image/mirapodo/ext/7536545-01.jpg,"Diese lässigen Legend Sneakers von Wrangler sind aus einem robusten Textil-Obermaterial gefertigt und sind, dank der elastischen Einsätze zu beiden Seiten des Einstiegs, sehr anpassungsfähig. Die Decksohle ist weich gepolstert und federt jeden Schritt weich ab.
 
- Verschluss: Schnürverschluss
- weich gepolsterte Einstiegskante
- verstärkter Zehen- und Fersenbereich
- flexible Profil-Laufsohle mit guter rutschhemmender Wirkung
 
Obermaterial: Textil (Canvas)
Futter: Textil
Decksohle: Textil
Laufsohle: Sonstiges Material (Gummi)",Wrangler,,"mirapodo.scene7.com/is/image/mirapodo/ext/7536545-01.jpg?$rtf_mp_prod-main-thumb_xl$,mirapodo.scene7.com/is/image/mirapodo/ext/7536545-02.jpg?$rtf_mp_prod-main-thumb_xl$,mirapodo.scene7.com/is/image/mirapodo/ext/7536545-03.jpg?$rtf_mp_prod-main-thumb_xl$,mirapodo.scene7.com/is/image/mirapodo/ext/7536545-04.jpg?$rtf_mp_prod-main-thumb_xl$,mirapodo.scene7.com/is/image/mirapodo/ext/7536545-05.jpg?$rtf_mp_prod-main-thumb_xl$,mirapodo.scene7.com/is/image/mirapodo/ext/7536545-06.jpg?$rtf_mp_prod-main-thumb_xl$",,"Größe wählen,41 (EU),42 (EU),43 (EU),44 (EU),45 (EU),46 (EU)",https://www.mirapodo.de/wrangler-legend-sneakers-dunkelblau-7536545.html,MEN,"
                  dunkelblau                  ",,,"
      Legend Sneakers
    "
35.99,8,EUR,5215760,,SHOES,2018-02-26,https://www.mirapodo.de/herren/schuhe/?page=1,mirapodo,Laufschuhe,mirapodo.scene7.com/is/image/mirapodo/ext/5215760-01.jpg,"Diese bequemen PUMA Tazon 6 Fm Sportschuhe verleihen ein tolles Laufgefühl durch die weich gepolsterte Softfoam-Decksohle. Die perforierten und farblich abgesetzten Details verleihen einen lässigen Look. 

- Verschluss: Schnürung
- angenehmes Meshfutter
- gepolsterter Einstieg
- verstärkte Zehen- und Fersenpartie
- rutschhemmende und robuste Profillaufsohle 

Obermaterial: Textil, Sonstiges Material (Materialmix aus Synthetik und Textil)
Futter: Textil
Decksohle: Textil
Laufsohle: Sonstiges Material (Gummi)",PUMA,,"mirapodo.scene7.com/is/image/mirapodo/ext/5215760-01.jpg?$rtf_mp_prod-main-thumb_xl$,mirapodo.scene7.com/is/image/mirapodo/ext/5215760-02.jpg?$rtf_mp_prod-main-thumb_xl$,mirapodo.scene7.com/is/image/mirapodo/ext/5215760-03.jpg?$rtf_mp_prod-main-thumb_xl$,mirapodo.scene7.com/is/image/mirapodo/ext/5215760-04.jpg?$rtf_mp_prod-main-thumb_xl$,mirapodo.scene7.com/is/image/mirapodo/ext/5215760-05.jpg?$rtf_mp_prod-main-thumb_xl$,mirapodo.scene7.com/is/image/mirapodo/ext/5215760-06.jpg?$rtf_mp_prod-main-thumb_xl$",,"Größe wählen,41 (EU),42 (EU) - Ausverkauft  (Nachricht),42,5 (EU) - Ausverkauft  (Nachricht),43 (EU),44 (EU),44,5 (EU),45 (EU) - Ausverkauft  (Nachricht),46 (EU) - Ausverkauft  (Nachricht),47 (EU) - Ausverkauft  (Nachricht),48,5 (EU) - Ausverkauft  (Nachricht)",https://www.mirapodo.de/puma-tazon-6-fm-sneakers-low-schwarz-kombi-5215760.html,MEN,"
                  schwarz-kombi                  ",,,"
      Tazon 6 FM Sneakers Low
    "
139.95,146,EUR,7153831,,SHOES,2018-02-26,https://www.mirapodo.de/herren/schuhe/?page=3,mirapodo,Klassische Halbschuhe,mirapodo.scene7.com/is/image/mirapodo/ext/7153831-01.jpg,"Die Timberland Classic Boat 2 Eye Midnight Navy Halbschuhe bestehen aus weichem Kalbsleder und sind als Bootsschuhe gestaltet. Die Decksohle ist angenehm gepolstert. 

- Verschluss: Schnürung 
- flexible und farblich abgesetzte Laufsohle 

Obermaterial: Leder (Kalbsleder) 
Futter und Decksohle: Leder
Laufsohle: sonstiges Material (Gummi)",Timberland,,"mirapodo.scene7.com/is/image/mirapodo/ext/7153831-01.jpg?$rtf_mp_prod-main-thumb_xl$,mirapodo.scene7.com/is/image/mirapodo/ext/7153831-02.jpg?$rtf_mp_prod-main-thumb_xl$,mirapodo.scene7.com/is/image/mirapodo/ext/7153831-03.jpg?$rtf_mp_prod-main-thumb_xl$,mirapodo.scene7.com/is/image/mirapodo/ext/7153831-04.jpg?$rtf_mp_prod-main-thumb_xl$,mirapodo.scene7.com/is/image/mirapodo/ext/7153831-05.jpg?$rtf_mp_prod-main-thumb_xl$,mirapodo.scene7.com/is/image/mirapodo/ext/7153831-06.jpg?$rtf_mp_prod-main-thumb_xl$",,"Größe wählen,41 (EU),42 (EU),43 (EU),44 (EU),45 (EU),46 (EU)",https://www.mirapodo.de/timberland-classic-boat-2-eye-midnight-navy-halbschuhe-blau-7153831.html,MEN,"
                  blau                  ",,,"
      Classic Boat 2 Eye Midnight Navy Halbschuhe
    "
47.99,9,EUR,4473031,,SHOES,2018-02-26,https://www.mirapodo.de/herren/schuhe/?page=1,mirapodo,Sneakers Low,mirapodo.scene7.com/is/image/mirapodo/ext/4473031-01.jpg,"Ideal für den Alltag eignen sich diese SKECHERS OG 82 Sneakers aus robust, mehrlagigem Obermaterial. Das klassische Design, sowie der atmungsaktive Mesheinsatz machen die Schuhe zum zuverlässigen Begleiter.

- Einstieg gepolstert
- Verschluss: Schnürung
- weiche, gepolsterte Memory Foam Decksohle
- griffige Laufsohle

Obermaterial: Textil, sonstiges Material
Futter: Textil
Decksohle: Textil
Laufsohle: Sonstiges Material",SKECHERS,,"mirapodo.scene7.com/is/image/mirapodo/ext/4473031-01.jpg?$rtf_mp_prod-main-thumb_xl$,mirapodo.scene7.com/is/image/mirapodo/ext/4473031-02.jpg?$rtf_mp_prod-main-thumb_xl$,mirapodo.scene7.com/is/image/mirapodo/ext/4473031-03.jpg?$rtf_mp_prod-main-thumb_xl$,mirapodo.scene7.com/is/image/mirapodo/ext/4473031-04.jpg?$rtf_mp_prod-main-thumb_xl$,mirapodo.scene7.com/is/image/mirapodo/ext/4473031-05.jpg?$rtf_mp_prod-main-thumb_xl$,mirapodo.scene7.com/is/image/mirapodo/ext/4473031-06.jpg?$rtf_mp_prod-main-thumb_xl$",,"Größe wählen,40 (EU) - Ausverkauft  (Nachricht),41 (EU),42 (EU),43 (EU),44 (EU),45 (EU),46 (EU) - Ausverkauft  (Nachricht),47,5 (EU) - Ausverkauft  (Nachricht),48,5 (EU) - Ausverkauft  (Nachricht)",https://www.mirapodo.de/skechers-og-82-sneakers-low-blau-kombi-4473031.html,MEN,"
                  blau-kombi                  ",,,"
      OG 82  Sneakers Low
    "
99.95,147,EUR,7202094,,SHOES,2018-02-26,https://www.mirapodo.de/herren/schuhe/?page=3,mirapodo,Schnürschuhe,mirapodo.scene7.com/is/image/mirapodo/ext/7202094-01.jpg,"Die SALAMANDER MATHEUS Schnürschuhe zeigen sich in einem sportiven Look. Die Seiten sind partiell mit Stanzmuster versehen.
 
- Verschluss: Schnürverschluss
- leicht gepolsterte Einstiegskante
- verstärkte Vorderkappe und Fersenpartie
- gepolsterte Decksohle
- Laufsohle mit rutschhemmendem Profil
 
Obermaterial: Leder
Futter: Textil
Decksohle: Leder
Laufsohle: Sonstiges Material",SALAMANDER,,"mirapodo.scene7.com/is/image/mirapodo/ext/7202094-01.jpg?$rtf_mp_prod-main-thumb_xl$,mirapodo.scene7.com/is/image/mirapodo/ext/7202094-02.jpg?$rtf_mp_prod-main-thumb_xl$,mirapodo.scene7.com/is/image/mirapodo/ext/7202094-03.jpg?$rtf_mp_prod-main-thumb_xl$,mirapodo.scene7.com/is/image/mirapodo/ext/7202094-04.jpg?$rtf_mp_prod-main-thumb_xl$,mirapodo.scene7.com/is/image/mirapodo/ext/7202094-05.jpg?$rtf_mp_prod-main-thumb_xl$,mirapodo.scene7.com/is/image/mirapodo/ext/7202094-06.jpg?$rtf_mp_prod-main-thumb_xl$",,"Größe wählen,41 (EU),42 (EU),43 (EU),44 (EU),45 (EU),46 (EU)",https://www.mirapodo.de/salamander-matheus-schnuerschuhe-grau-kombi-7202094.html,MEN,"
                  grau-kombi                  ",,,"
      MATHEUS Schnürschuhe
    "
79.95,148,EUR,7560152,,SHOES,2018-02-26,https://www.mirapodo.de/herren/schuhe/?page=3,mirapodo,Komfort-Slipper,mirapodo.scene7.com/is/image/mirapodo/ext/7560152-01.jpg,"Die JOMOS Slipper bestehen aus echtem Rindsleder und sind zu beiden Seiten des Spanns mit elastischen Einsätzen ausgestattet. Die herausnehmbare, gepolsterte und vorgeformte Aircomfort-Decksohle sorgt für einen hohen Tragekomfort.
 
- Verschluss: Schlupf
- praktische Anziehlasche
- Einstiegskante gepolstert
- verstärkter Zehen- und Fersenbereich
- flexible Profil-Laufsohle mit dämpfender und rutschhemmender Wirkung
- Schuhweite: H
 
Obermaterial: Leder (Rindsleder)
Futter: Leder, Textil (Leder/Textil)
Decksohle: Textil (Synthetik)
Laufsohle: Sonstiges Material (Synthetik)",JOMOS,,"mirapodo.scene7.com/is/image/mirapodo/ext/7560152-01.jpg?$rtf_mp_prod-main-thumb_xl$,mirapodo.scene7.com/is/image/mirapodo/ext/7560152-02.jpg?$rtf_mp_prod-main-thumb_xl$,mirapodo.scene7.com/is/image/mirapodo/ext/7560152-03.jpg?$rtf_mp_prod-main-thumb_xl$,mirapodo.scene7.com/is/image/mirapodo/ext/7560152-04.jpg?$rtf_mp_prod-main-thumb_xl$,mirapodo.scene7.com/is/image/mirapodo/ext/7560152-05.jpg?$rtf_mp_prod-main-thumb_xl$,mirapodo.scene7.com/is/image/mirapodo/ext/7560152-06.jpg?$rtf_mp_prod-main-thumb_xl$",,"Größe wählen,40 (EU),41 (EU),42 (EU),43 (EU),44 (EU),45 (EU),46 (EU),47 (EU)",https://www.mirapodo.de/jomos-slipper-schwarz-7560152.html,MEN,"
                  schwarz                  ",,,"
      Slipper
    "
132.99,10,EUR,3619483,,SHOES,2018-02-26,https://www.mirapodo.de/herren/schuhe/?page=1,mirapodo,Schnürstiefeletten,mirapodo.scene7.com/is/image/mirapodo/ext/3619483-01.jpg,"Die ledernen PANAMA JACK Panama 03 Aviator C1 Stiefeletten überzeugen nicht nur durch ihren robusten Look, sondern haben mit ihrer Wasserdichte und dem Warmfutter aus Wolle Vieles mehr zu bieten.  

- Verschluss: Schnürverschluss
- Schafthöhe bei Gr. 42: ca. 14 cm
- Schaftweite bei Gr. 42: ca. 22 cm
- gepolsterter Einstieg
- weiches und gefüttertes Wechselfußbett
- profilierte Laufsohle

Obermaterial: Leder
Futter und Decksohle:Textil
Laufsohle: Sonstiges Material (Gummi)",PANAMA JACK,,"mirapodo.scene7.com/is/image/mirapodo/ext/3619483-01.jpg?$rtf_mp_prod-main-thumb_xl$,mirapodo.scene7.com/is/image/mirapodo/ext/3619483-02.jpg?$rtf_mp_prod-main-thumb_xl$,mirapodo.scene7.com/is/image/mirapodo/ext/3619483-03.jpg?$rtf_mp_prod-main-thumb_xl$,mirapodo.scene7.com/is/image/mirapodo/ext/3619483-04.jpg?$rtf_mp_prod-main-thumb_xl$,mirapodo.scene7.com/is/image/mirapodo/ext/3619483-05.jpg?$rtf_mp_prod-main-thumb_xl$,mirapodo.scene7.com/is/image/mirapodo/ext/3619483-06.jpg?$rtf_mp_prod-main-thumb_xl$",,"Größe wählen,40 (EU),41 (EU),42 (EU) - Ausverkauft  (Nachricht),43 (EU) - Ausverkauft  (Nachricht),44 (EU) - Ausverkauft  (Nachricht),45 (EU),46 (EU) - Ausverkauft  (Nachricht),47 (EU)",https://www.mirapodo.de/panama-jack-panama-03-aviator-c2-stiefeletten-schwarz-3619483.html,MEN,"
                  schwarz                  ",,,"
      PANAMA JACK Panama 03 Aviator C2 Stiefeletten
    "
99.95,149,EUR,7202102,,SHOES,2018-02-26,https://www.mirapodo.de/herren/schuhe/?page=3,mirapodo,Schnürschuhe,mirapodo.scene7.com/is/image/mirapodo/ext/7202102-01.jpg,"Die SALAMANDER ALLAN Schnürschuhe zeigen sich im eleganten Business-Look. Die Einstiegskante ist weich gepolstert und bietet einen hohen Tragekomfort.
 
- Verschluss: Schnürverschluss
- gepolsterte Lasche
- verstärkte Vorderkappe und Fersenpartie
- gepolsterte Decksohle
- flexible Laufsohle, partiell mit rutschhemmendem Profil
 
Obermaterial: Leder (Nappaleder)
Futter: Leder
Decksohle: Leder
Laufsohle: Sonstiges Material",SALAMANDER,,"mirapodo.scene7.com/is/image/mirapodo/ext/7202102-01.jpg?$rtf_mp_prod-main-thumb_xl$,mirapodo.scene7.com/is/image/mirapodo/ext/7202102-02.jpg?$rtf_mp_prod-main-thumb_xl$,mirapodo.scene7.com/is/image/mirapodo/ext/7202102-03.jpg?$rtf_mp_prod-main-thumb_xl$,mirapodo.scene7.com/is/image/mirapodo/ext/7202102-04.jpg?$rtf_mp_prod-main-thumb_xl$,mirapodo.scene7.com/is/image/mirapodo/ext/7202102-05.jpg?$rtf_mp_prod-main-thumb_xl$,mirapodo.scene7.com/is/image/mirapodo/ext/7202102-06.jpg?$rtf_mp_prod-main-thumb_xl$",,"Größe wählen,40 (EU),41 (EU),42 (EU),43 (EU),44 (EU),45 (EU),46 (EU)",https://www.mirapodo.de/salamander-allan-schnuerschuhe-schwarz-7202102.html,MEN,"
                  schwarz                  ",,,"
      ALLAN Schnürschuhe
    "
49.95,150,EUR,7536559,,SHOES,2018-02-26,https://www.mirapodo.de/herren/schuhe/?page=3,mirapodo,Sneakers Low,mirapodo.scene7.com/is/image/mirapodo/ext/7536559-01.jpg,"Diese lässigen Legend Sneakers von Wrangler zeigen sich im Jeans-Look mit teilweise strukturiertem Obermaterial. Die Decksohle ist besonders gut gepolstert und federt jeden Schritt weich ab.
 
- Verschluss: Schnürverschluss
- farblich abgesetzte Fersenpartie und Zunge
- verstärkter Zehen- und Fersenbereich
- flexible Profil-Laufsohle mit guter rutschhemmender Wirkung
 
Obermaterial: Textil (Canvas)
Futter: Textil
Decksohle: Textil
Laufsohle: Sonstiges Material (Gummi)",Wrangler,,"mirapodo.scene7.com/is/image/mirapodo/ext/7536559-01.jpg?$rtf_mp_prod-main-thumb_xl$,mirapodo.scene7.com/is/image/mirapodo/ext/7536559-02.jpg?$rtf_mp_prod-main-thumb_xl$,mirapodo.scene7.com/is/image/mirapodo/ext/7536559-03.jpg?$rtf_mp_prod-main-thumb_xl$,mirapodo.scene7.com/is/image/mirapodo/ext/7536559-04.jpg?$rtf_mp_prod-main-thumb_xl$,mirapodo.scene7.com/is/image/mirapodo/ext/7536559-05.jpg?$rtf_mp_prod-main-thumb_xl$,mirapodo.scene7.com/is/image/mirapodo/ext/7536559-06.jpg?$rtf_mp_prod-main-thumb_xl$",,"Größe wählen,41 (EU),42 (EU),43 (EU),44 (EU),45 (EU),46 (EU)",https://www.mirapodo.de/wrangler-legend-sneakers-schwarz-7536559.html,MEN,"
                  schwarz                  ",,,"
      Legend Sneakers
    "
99.95,151,EUR,7202095,,SHOES,2018-02-26,https://www.mirapodo.de/herren/schuhe/?page=3,mirapodo,Schnürschuhe,mirapodo.scene7.com/is/image/mirapodo/ext/7202095-01.jpg,"Die SALAMANDER MATHEUS Schnürschuhe zeigen sich in einem sportiven Look. Die Seiten sind partiell mit Stanzmuster versehen.
 
- Verschluss: Schnürverschluss
- leicht gepolsterte Einstiegskante
- verstärkte Vorderkappe und Fersenpartie
- gepolsterte Decksohle
- Laufsohle mit rutschhemmendem Profil
 
Obermaterial: Leder
Futter: Textil
Decksohle: Leder
Laufsohle: Sonstiges Material",SALAMANDER,,"mirapodo.scene7.com/is/image/mirapodo/ext/7202095-01.jpg?$rtf_mp_prod-main-thumb_xl$,mirapodo.scene7.com/is/image/mirapodo/ext/7202095-02.jpg?$rtf_mp_prod-main-thumb_xl$,mirapodo.scene7.com/is/image/mirapodo/ext/7202095-03.jpg?$rtf_mp_prod-main-thumb_xl$,mirapodo.scene7.com/is/image/mirapodo/ext/7202095-04.jpg?$rtf_mp_prod-main-thumb_xl$,mirapodo.scene7.com/is/image/mirapodo/ext/7202095-05.jpg?$rtf_mp_prod-main-thumb_xl$,mirapodo.scene7.com/is/image/mirapodo/ext/7202095-06.jpg?$rtf_mp_prod-main-thumb_xl$",,"Größe wählen,40 (EU),41 (EU),42 (EU),43 (EU),44 (EU),45 (EU),46 (EU)",https://www.mirapodo.de/salamander-matheus-schnuerschuhe-schwarz-grau-7202095.html,MEN,"
                  schwarz/grau                  ",,,"
      MATHEUS Schnürschuhe
    "
99.95,79,EUR,7287875,,SHOES,2018-02-26,https://www.mirapodo.de/herren/schuhe/?page=2,mirapodo,Wanderschuhe,mirapodo.scene7.com/is/image/mirapodo/ext/7287875-01.jpg,"Die wasserabweisenden CMP TAURI LOW WMN TREKKING SHOE WP Trekkingschuhe kommen in atmungsaktivem Stricklook und klassischer Schnürung. Die weich gepolsterte Decksohle bietet dem Fuß ein komfortables Fundament und kann bei Bedarf herausgenommen werden. Weiterer Pluspunkt ist die die sehr rutschhemmende, flexible Profillaufsohle.
 
- gepolsterte Einstiegskante
- mit Einstiegslasche an der Schaftkante
- Lasche mit Polsterung
- Verschluss: Schnürverschluss
- verstärkte Zehen- und Fersenpartie
 
Obermaterial: Textil (Polyester)
Futter: Textil (Synthetik)
Decksohle: Textil (Synthetik)
Laufsohle: Sonstiges Material (Gummi)",CMP,,"mirapodo.scene7.com/is/image/mirapodo/ext/7287875-01.jpg?$rtf_mp_prod-main-thumb_xl$,mirapodo.scene7.com/is/image/mirapodo/ext/7287875-02.jpg?$rtf_mp_prod-main-thumb_xl$,mirapodo.scene7.com/is/image/mirapodo/ext/7287875-03.jpg?$rtf_mp_prod-main-thumb_xl$,mirapodo.scene7.com/is/image/mirapodo/ext/7287875-04.jpg?$rtf_mp_prod-main-thumb_xl$,mirapodo.scene7.com/is/image/mirapodo/ext/7287875-05.jpg?$rtf_mp_prod-main-thumb_xl$,mirapodo.scene7.com/is/image/mirapodo/ext/7287875-06.jpg?$rtf_mp_prod-main-thumb_xl$",,"Größe wählen,41 (EU),42 (EU),43 (EU),44 (EU),45 (EU),46 (EU),47 (EU)",https://www.mirapodo.de/cmp-tauri-low-trekking-shoe-wp-trekkingschuhe-schwarz-kombi-7287875.html,MEN,"
                  schwarz-kombi                  ",,,"
      TAURI LOW TREKKING SHOE WP Trekkingschuhe
    "
124.95,152,EUR,7400949,,SHOES,2018-02-26,https://www.mirapodo.de/herren/schuhe/?page=3,mirapodo,Sneakers Low,mirapodo.scene7.com/is/image/mirapodo/ext/7400949-01.jpg,"Diese Clemet Sneakers Low von GEOX sind aus einem Obermaterial-Mix in Glatt- und Rauleder mit Perforationen gefertigt und sind, dank der atmungsaktiven Decksohle, komfortabel und alltagstauglich. Für die nötige Trittsicherheit sorgt die Profil-Laufsohle.
 
- Verschluss: Schnürverschluss
- gepolsterte Einstiegskante und Zunge für optimale Anpassung
- verstärkter Zehen- und Fersenbereich
- herausnehmbare und gepolsterte Decksohle
 
Obermaterial: Leder
Futter: Textil (Synthetik)
Decksohle: Textil (Synthetik)
Laufsohle: Sonstiges Material (TPU-Sohle)",GEOX,,"mirapodo.scene7.com/is/image/mirapodo/ext/7400949-01.jpg?$rtf_mp_prod-main-thumb_xl$,mirapodo.scene7.com/is/image/mirapodo/ext/7400949-02.jpg?$rtf_mp_prod-main-thumb_xl$,mirapodo.scene7.com/is/image/mirapodo/ext/7400949-03.jpg?$rtf_mp_prod-main-thumb_xl$,mirapodo.scene7.com/is/image/mirapodo/ext/7400949-04.jpg?$rtf_mp_prod-main-thumb_xl$,mirapodo.scene7.com/is/image/mirapodo/ext/7400949-05.jpg?$rtf_mp_prod-main-thumb_xl$,mirapodo.scene7.com/is/image/mirapodo/ext/7400949-06.jpg?$rtf_mp_prod-main-thumb_xl$",,"Größe wählen,39 (EU),40 (EU),41 (EU),42 (EU),43 (EU),44 (EU),45 (EU),46 (EU)",https://www.mirapodo.de/geox-clemet-sneakers-low-cognac-7400949.html,MEN,"
                  cognac                  ",,,"
      Clemet Sneakers Low
    "
79.95,80,EUR,7405924,,SHOES,2018-02-26,https://www.mirapodo.de/herren/schuhe/?page=2,mirapodo,Schnürschuhe,mirapodo.scene7.com/is/image/mirapodo/ext/7405924-01.jpg,"Mit federleichter Beschaffenheit präsentieren sich diese Clarks Step Isle Schnürschuhe. Innen besitzen die Schuhe angenehm gepolsterte Decksohlen.
 
- gepolsterter Schaftrand
- Verschluss: Schnürung
- helle, flexible Laufsohle
- Schuhweite: G
 
Obermaterial: Textil
Futter: Textil
Decksohle: sonstiges Material (Synthetik)
Laufsohle: sonstiges Material (EVA-Sohle)",Clarks,,"mirapodo.scene7.com/is/image/mirapodo/ext/7405924-01.jpg?$rtf_mp_prod-main-thumb_xl$,mirapodo.scene7.com/is/image/mirapodo/ext/7405924-02.jpg?$rtf_mp_prod-main-thumb_xl$,mirapodo.scene7.com/is/image/mirapodo/ext/7405924-03.jpg?$rtf_mp_prod-main-thumb_xl$,mirapodo.scene7.com/is/image/mirapodo/ext/7405924-04.jpg?$rtf_mp_prod-main-thumb_xl$,mirapodo.scene7.com/is/image/mirapodo/ext/7405924-05.jpg?$rtf_mp_prod-main-thumb_xl$,mirapodo.scene7.com/is/image/mirapodo/ext/7405924-06.jpg?$rtf_mp_prod-main-thumb_xl$",,"Größe wählen,41 (EU),42 (EU),43 (EU),44 (EU),45 (EU),46 (EU),47 (EU)",https://www.mirapodo.de/clarks-step-isle-schnuerschuhe-beige-7405924.html,MEN,"
                  beige                  ",,,"
      Step Isle Schnürschuhe
    "
79.95,153,EUR,7401023,,SHOES,2018-02-26,https://www.mirapodo.de/herren/schuhe/?page=3,mirapodo,Outdoorsandalen,mirapodo.scene7.com/is/image/mirapodo/ext/7401023-01.jpg,"Im sportiven Look wurden diese GEOX Strada Outdoorsandalen gestaltet. Die vorgeformten Decksohlen besitzen kleine Luftlöcher, die für ein angenehmes Schuhklima sorgen.

- weiche Einfasskanten
- Verschluss: Klett
- griffige Laufsohle

Obermaterial: sonstiges Material (Synthetik)
Futter: sonstiges Material (Synthetik)
Decksohle: Leder
Laufsohle: sonstiges Material (Gummi)",GEOX,,"mirapodo.scene7.com/is/image/mirapodo/ext/7401023-01.jpg?$rtf_mp_prod-main-thumb_xl$,mirapodo.scene7.com/is/image/mirapodo/ext/7401023-02.jpg?$rtf_mp_prod-main-thumb_xl$,mirapodo.scene7.com/is/image/mirapodo/ext/7401023-03.jpg?$rtf_mp_prod-main-thumb_xl$,mirapodo.scene7.com/is/image/mirapodo/ext/7401023-04.jpg?$rtf_mp_prod-main-thumb_xl$,mirapodo.scene7.com/is/image/mirapodo/ext/7401023-05.jpg?$rtf_mp_prod-main-thumb_xl$,mirapodo.scene7.com/is/image/mirapodo/ext/7401023-06.jpg?$rtf_mp_prod-main-thumb_xl$",,"Größe wählen,39 (EU),40 (EU),41 (EU),42 (EU),43 (EU),44 (EU),45 (EU),46 (EU)",https://www.mirapodo.de/geox-strada-outdoorsandalen-schwarz-7401023.html,MEN,"
                  schwarz                  ",,,"
      Strada Outdoorsandalen
    "
89.95,81,EUR,7287880,,SHOES,2018-02-26,https://www.mirapodo.de/herren/schuhe/?page=2,mirapodo,Outdoorstiefel,mirapodo.scene7.com/is/image/mirapodo/ext/imagenotfound,"Die wasserabweisenden CMP RIGEL MID TREKKING SHOES WP Wanderstiefel kommen in atmungsaktivem Leder mit stabilisierenden Besätzen und klassischer Schnürung für sicheren Sitz am Fuß. Die weich gepolsterte Decksohle mit Ortholite-Technologie bietet dem Fuß ein komfortables Fundament und kann bei Bedarf herausgenommen werden. Weiterer Pluspunkt ist die die sehr rutschhemmende Profillaufsohle.
 
- gepolsterte Einstiegskante
- mit Einstiegslasche an der Schaftkante
- Lasche mit Polsterung
- Verschluss: Schnürverschluss
- verstärkte Zehen- und Fersenpartie
 
Obermaterial: Leder
Futter: Textil (Synthetik)
Decksohle: Textil (Synthetik)
Laufsohle: Sonstiges Material (Gummi)",CMP,,,,"Größe wählen,41 (EU),42 (EU),43 (EU),44 (EU),45 (EU),46 (EU),47 (EU)",https://www.mirapodo.de/cmp-rigel-mid-trekking-shoes-wp-wanderstiefel-schwarz-7287880.html,MEN,"
                  schwarz                  ",,,"
      RIGEL MID TREKKING SHOES WP Wanderstiefel
    "
54.95,154,EUR,7490808,,SHOES,2018-02-26,https://www.mirapodo.de/herren/schuhe/?page=3,mirapodo,Sneakers Low,mirapodo.scene7.com/is/image/mirapodo/ext/7490808-01.jpg,"Diese leichten adidas Sport Inspired Vs Pace Sneakers zeigen sich mit einem mattierten textilen Obermaterial und einseitig farblich abgesetzten Label-Streifen. Für besonderen Laufkomfort sorgt die gepolsterte Decksohle.
 
- Verschluss: Schnürverschluss
- farblich abgesetzte Anziehlasche
- flexible und leichte Laufsohle mit rutschhemmender Wirkung
 
Obermaterial: Sonstiges Material (Synthetik)
Futter: Textil
Decksohle: Textil
Laufsohle: Sonstiges Material (Gummi)",adidas Sport Inspired,,"mirapodo.scene7.com/is/image/mirapodo/ext/7490808-01.jpg?$rtf_mp_prod-main-thumb_xl$,mirapodo.scene7.com/is/image/mirapodo/ext/7490808-02.jpg?$rtf_mp_prod-main-thumb_xl$,mirapodo.scene7.com/is/image/mirapodo/ext/7490808-03.jpg?$rtf_mp_prod-main-thumb_xl$,mirapodo.scene7.com/is/image/mirapodo/ext/7490808-04.jpg?$rtf_mp_prod-main-thumb_xl$,mirapodo.scene7.com/is/image/mirapodo/ext/7490808-05.jpg?$rtf_mp_prod-main-thumb_xl$,mirapodo.scene7.com/is/image/mirapodo/ext/7490808-06.jpg?$rtf_mp_prod-main-thumb_xl$",,"Größe wählen,41 1/3 (7½ UK),42 (8 UK),42 2/3 (8½ UK),43 1/3 (9 UK),44 (9½ UK),44 2/3 (10 UK),45 1/3 (10½ UK),46 (11 UK),46 2/3 (11½ UK)",https://www.mirapodo.de/adidas-sport-inspired-vs-pace-sneakers-schwarz-7490808.html,MEN,"
                  schwarz                  ",,,"
      Vs Pace Sneakers
    "
89.95,82,EUR,7287881,,SHOES,2018-02-26,https://www.mirapodo.de/herren/schuhe/?page=2,mirapodo,Outdoorstiefel,mirapodo.scene7.com/is/image/mirapodo/ext/7287881-01.jpg,"Die wasserabweisenden CMP RIGEL MID TREKKING SHOES WP Wanderstiefel kommen in atmungsaktivem Leder mit stabilisierenden Besätzen und klassischer Schnürung für sicheren Sitz am Fuß. Die weich gepolsterte Decksohle mit Ortholite-Technologie bietet dem Fuß ein komfortables Fundament und kann bei Bedarf herausgenommen werden. Weiterer Pluspunkt ist die die sehr rutschhemmende Profillaufsohle.
 
- gepolsterte Einstiegskante
- mit Einstiegslasche an der Schaftkante
- Lasche mit Polsterung
- Verschluss: Schnürverschluss
- verstärkte Zehen- und Fersenpartie
 
Obermaterial: Leder
Futter: Textil (Synthetik)
Decksohle: Textil (Synthetik)
Laufsohle: Sonstiges Material (Gummi)",CMP,,"mirapodo.scene7.com/is/image/mirapodo/ext/7287881-01.jpg?$rtf_mp_prod-main-thumb_xl$,mirapodo.scene7.com/is/image/mirapodo/ext/7287881-02.jpg?$rtf_mp_prod-main-thumb_xl$,mirapodo.scene7.com/is/image/mirapodo/ext/7287881-03.jpg?$rtf_mp_prod-main-thumb_xl$,mirapodo.scene7.com/is/image/mirapodo/ext/7287881-04.jpg?$rtf_mp_prod-main-thumb_xl$,mirapodo.scene7.com/is/image/mirapodo/ext/7287881-05.jpg?$rtf_mp_prod-main-thumb_xl$,mirapodo.scene7.com/is/image/mirapodo/ext/7287881-06.jpg?$rtf_mp_prod-main-thumb_xl$",,"Größe wählen,41 (EU),42 (EU),43 (EU),44 (EU),45 (EU),46 (EU),47 (EU)",https://www.mirapodo.de/cmp-rigel-mid-trekking-shoes-wp-wanderstiefel-grau-7287881.html,MEN,"
                  grau                  ",,,"
      RIGEL MID TREKKING SHOES WP Wanderstiefel
    "
27.95,155,EUR,7602033,,SHOES,2018-02-26,https://www.mirapodo.de/herren/schuhe/?page=3,mirapodo,Pantoffeln,mirapodo.scene7.com/is/image/mirapodo/ext/7602033-01.jpg,"Die FLY FLOT Pantoffeln überzeugen mit einem robusten, textilen Obermaterial und sind, dank der elastischen Einsätze zu beiden Seiten der Einstiegskante, sehr anpassungsfähig und komfortabel. Für die nötige Trittsicherheit sorgt die flexible Profil-Laufsohle mit rutschhemmenden Eigenschaften.
 
- Verschluss: Schlupf
- gepolstertes Futter
- anatomisch vorgeformte Decksohle
 
Obermaterial: Textil (Canvas)
Futter: Textil
Decksohle: Textil
Laufsohle: Sonstiges Material (TPU-Sohle)",FLY FLOT,,"mirapodo.scene7.com/is/image/mirapodo/ext/7602033-01.jpg?$rtf_mp_prod-main-thumb_xl$,mirapodo.scene7.com/is/image/mirapodo/ext/7602033-02.jpg?$rtf_mp_prod-main-thumb_xl$,mirapodo.scene7.com/is/image/mirapodo/ext/7602033-03.jpg?$rtf_mp_prod-main-thumb_xl$,mirapodo.scene7.com/is/image/mirapodo/ext/7602033-04.jpg?$rtf_mp_prod-main-thumb_xl$,mirapodo.scene7.com/is/image/mirapodo/ext/7602033-05.jpg?$rtf_mp_prod-main-thumb_xl$,mirapodo.scene7.com/is/image/mirapodo/ext/7602033-06.jpg?$rtf_mp_prod-main-thumb_xl$",,"Größe wählen,40 (EU),41 (EU),42 (EU),43 (EU),44 (EU),45 (EU),46 (EU),47 (EU)",https://www.mirapodo.de/fly-flot-pantoffeln-schwarz-7602033.html,MEN,"
                  schwarz                  ",,,"
      Pantoffeln
    "
79.99,83,EUR,2884611,,SHOES,2018-02-26,https://www.mirapodo.de/herren/schuhe/?page=2,mirapodo,Business Schnürer,mirapodo.scene7.com/is/image/mirapodo/ext/2884611-01.jpg,"Im klassischen Look wurden diese GEOX Federico Business Schuhe aus Echtleder gefertigt. Am Einstieg besitzen die Schuhe praktische Stretcheinsätze, die für eine optimale Passform sorgen.

- geschmeidiges Echtleder
- weiter Einstieg
- Verschluss: Schnürung
- komfortabler Blockabsatz

Obermaterial: Leder
Futter: Leder
Decksohle: Leder
Laufsohle: Sonstiges Material (Gummi)",GEOX,,"mirapodo.scene7.com/is/image/mirapodo/ext/2884611-01.jpg?$rtf_mp_prod-main-thumb_xl$,mirapodo.scene7.com/is/image/mirapodo/ext/2884611-02.jpg?$rtf_mp_prod-main-thumb_xl$,mirapodo.scene7.com/is/image/mirapodo/ext/2884611-03.jpg?$rtf_mp_prod-main-thumb_xl$,mirapodo.scene7.com/is/image/mirapodo/ext/2884611-04.jpg?$rtf_mp_prod-main-thumb_xl$,mirapodo.scene7.com/is/image/mirapodo/ext/2884611-05.jpg?$rtf_mp_prod-main-thumb_xl$,mirapodo.scene7.com/is/image/mirapodo/ext/2884611-06.jpg?$rtf_mp_prod-main-thumb_xl$,mirapodo.scene7.com/is/image/mirapodo/ext/2884611-07.jpg?$rtf_mp_prod-main-thumb_xl$,mirapodo.scene7.com/is/image/mirapodo/ext/2884611-08.jpg?$rtf_mp_prod-main-thumb_xl$",,"Größe wählen,39 (EU),40 (EU),41 (EU),41,5 (EU) - Ausverkauft  (Nachricht),42 (EU),42,5 (EU) - Ausverkauft  (Nachricht),43 (EU),43,5 (EU) - Ausverkauft  (Nachricht),44 (EU),45 (EU),46 (EU),47 (EU) - Ausverkauft  (Nachricht)",https://www.mirapodo.de/geox-federico-business-schnuerschuhe-schwarz-2884611.html,MEN,"
                  schwarz                  ",,,"
      Federico Business-Schnürschuhe
    "
99.95,84,EUR,7203119,,SHOES,2018-02-26,https://www.mirapodo.de/herren/schuhe/?page=2,mirapodo,Sportliche Slipper,mirapodo.scene7.com/is/image/mirapodo/ext/7203119-01.jpg,"Die sportlichen Slipper Linares von Pikolinos bestehen aus echtem Rindsleder, das im vorderen Bereich strukturiert ist. Die Stretcheinsätze zu beiden Seiten des Spanns erleichtern das An- und Ausziehen und sorgen für einen komfortablen Sitz.

- Verschluss: Schlupf
- gepolsterte Einstiegskante
- herausnehmbare, gepolsterte Echtleder-Decksohle
- Bastbesatz oberhalb des Sohlenrandes
- flexible Profil-Laufsohle mit rutschhemmender Wirkung
- Schuh-Weite: G

Obermaterial: Leder (Rindsleder)
Futter: Textil, Leder (Leder/Textil)
Decksohle: Leder
Laufsohle: Sonstiges Material (EVA-Sohle)",Pikolinos,,"mirapodo.scene7.com/is/image/mirapodo/ext/7203119-01.jpg?$rtf_mp_prod-main-thumb_xl$,mirapodo.scene7.com/is/image/mirapodo/ext/7203119-02.jpg?$rtf_mp_prod-main-thumb_xl$,mirapodo.scene7.com/is/image/mirapodo/ext/7203119-03.jpg?$rtf_mp_prod-main-thumb_xl$,mirapodo.scene7.com/is/image/mirapodo/ext/7203119-04.jpg?$rtf_mp_prod-main-thumb_xl$,mirapodo.scene7.com/is/image/mirapodo/ext/7203119-05.jpg?$rtf_mp_prod-main-thumb_xl$,mirapodo.scene7.com/is/image/mirapodo/ext/7203119-06.jpg?$rtf_mp_prod-main-thumb_xl$",,"Größe wählen,41 (EU),42 (EU),43 (EU),44 (EU),45 (EU),46 (EU)",https://www.mirapodo.de/pikolinos-linares-sportliche-slipper-blau-7203119.html,MEN,"
                  blau                  ",,,"
      Linares Sportliche Slipper
    "
109.95,156,EUR,7351266,,SHOES,2018-02-26,https://www.mirapodo.de/herren/schuhe/?page=3,mirapodo,Sneakers Low,mirapodo.scene7.com/is/image/mirapodo/ext/7351266-01.jpg,"Diese Ennio Sneakers Low von ecco sind aus einem leicht strukturierten Echtleder-Obermaterial gefertigt und sind, dank der gepolsterten Einstiegskante sehr angenehm zu tragen. Die gepolsterte Echtleder-Decksohle sorgt für hohen Tragekomfort und gute Trittdämpfung.
 
- Verschluss: Schnürverschluss
- hochgezogener Fersenbereich
- verstärkter Zehen- und Fersenbereich
- herausnehmbare Decksohle
- Schuh-Weite: G
 
Obermaterial: Leder
Futter: Textil
Decksohle: Leder
Laufsohle: Sonstiges Material (TPU-Sohle)",ecco,,"mirapodo.scene7.com/is/image/mirapodo/ext/7351266-01.jpg?$rtf_mp_prod-main-thumb_xl$,mirapodo.scene7.com/is/image/mirapodo/ext/7351266-02.jpg?$rtf_mp_prod-main-thumb_xl$,mirapodo.scene7.com/is/image/mirapodo/ext/7351266-03.jpg?$rtf_mp_prod-main-thumb_xl$,mirapodo.scene7.com/is/image/mirapodo/ext/7351266-04.jpg?$rtf_mp_prod-main-thumb_xl$,mirapodo.scene7.com/is/image/mirapodo/ext/7351266-05.jpg?$rtf_mp_prod-main-thumb_xl$,mirapodo.scene7.com/is/image/mirapodo/ext/7351266-06.jpg?$rtf_mp_prod-main-thumb_xl$",,"Größe wählen,41 (EU),42 (EU),43 (EU),44 (EU),45 (EU),46 (EU)",https://www.mirapodo.de/ecco-ennio-sneakers-low-braun-7351266.html,MEN,"
                  braun                  ",,,"
      Ennio Sneakers Low
    "
119.95,157,EUR,7149633,,SHOES,2018-02-26,https://www.mirapodo.de/herren/schuhe/?page=3,mirapodo,Business Schnürer,mirapodo.scene7.com/is/image/mirapodo/ext/7149633-01.jpg,"Diese klassisch eleganten DANIEL HECHTER Business Schnürschuhe sind aus einem Echtleder-Obermaterial-Mix mit strukturierten Elementen gefertigt und sind, dank der Leder-Decksohle, ein guter Begleiter durch den Alltag. Für die nötige Trittsicherheit sorgt die Echtleder-Laufsohle mit gummierten Elementen.
 
- Verschluss: Schnürverschluss
- verstärkter Zehen- und Fersenbereich
- herausnehmbare Decksohle
- Echtleder-Laufsohle mit angerauten Elementen für Trittsicherheit
 
Obermaterial: Leder (Glattleder)
Futter: Sonstiges Material (Synthetik)
Decksohle: Leder
Laufsohle: Leder",DANIEL HECHTER,,"mirapodo.scene7.com/is/image/mirapodo/ext/7149633-01.jpg?$rtf_mp_prod-main-thumb_xl$,mirapodo.scene7.com/is/image/mirapodo/ext/7149633-02.jpg?$rtf_mp_prod-main-thumb_xl$,mirapodo.scene7.com/is/image/mirapodo/ext/7149633-03.jpg?$rtf_mp_prod-main-thumb_xl$,mirapodo.scene7.com/is/image/mirapodo/ext/7149633-04.jpg?$rtf_mp_prod-main-thumb_xl$,mirapodo.scene7.com/is/image/mirapodo/ext/7149633-05.jpg?$rtf_mp_prod-main-thumb_xl$,mirapodo.scene7.com/is/image/mirapodo/ext/7149633-06.jpg?$rtf_mp_prod-main-thumb_xl$",,"Größe wählen,40 (EU),41 (EU),42 (EU),43 (EU),44 (EU),45 (EU),46 (EU)",https://www.mirapodo.de/daniel-hechter-business-schnuerschuhe-grau-7149633.html,MEN,"
                  grau                  ",,,"
      Business-Schnürschuhe
    "
99.95,85,EUR,7203118,,SHOES,2018-02-26,https://www.mirapodo.de/herren/schuhe/?page=2,mirapodo,Sportliche Slipper,mirapodo.scene7.com/is/image/mirapodo/ext/7203118-01.jpg,"Die sportlichen Slipper Linares von Pikolinos bestehen aus echtem Rindsleder, das im vorderen Bereich strukturiert ist. Die Stretcheinsätze zu beiden Seiten des Spanns erleichtern das An- und Ausziehen und sorgen für einen komfortablen Sitz.

- Verschluss: Schlupf
- gepolsterte Einstiegskante
- herausnehmbare, gepolsterte Echtleder-Decksohle
- Bastbesatz oberhalb des Sohlenrandes
- flexible Profil-Laufsohle mit rutschhemmender Wirkung
- Schuh-Weite: G

Obermaterial: Leder (Rindsleder)
Futter: Textil, Leder (Leder/Textil)
Decksohle: Leder
Laufsohle: Sonstiges Material (EVA-Sohle)",Pikolinos,,"mirapodo.scene7.com/is/image/mirapodo/ext/7203118-01.jpg?$rtf_mp_prod-main-thumb_xl$,mirapodo.scene7.com/is/image/mirapodo/ext/7203118-02.jpg?$rtf_mp_prod-main-thumb_xl$,mirapodo.scene7.com/is/image/mirapodo/ext/7203118-03.jpg?$rtf_mp_prod-main-thumb_xl$,mirapodo.scene7.com/is/image/mirapodo/ext/7203118-04.jpg?$rtf_mp_prod-main-thumb_xl$,mirapodo.scene7.com/is/image/mirapodo/ext/7203118-05.jpg?$rtf_mp_prod-main-thumb_xl$,mirapodo.scene7.com/is/image/mirapodo/ext/7203118-06.jpg?$rtf_mp_prod-main-thumb_xl$",,"Größe wählen,41 (EU),42 (EU),43 (EU),44 (EU),45 (EU),46 (EU)",https://www.mirapodo.de/pikolinos-linares-sportliche-slipper-cognac-7203118.html,MEN,"
                  cognac                  ",,,"
      Linares Sportliche Slipper
    "
